{
  "project_info": {
    "project_number": "260449377719",
    "project_id": "construction-ms-718ed",
    "storage_bucket": "construction-ms-718ed.appspot.com"
  },
  "client": [
    {
      "client_info": {
        "mobilesdk_app_id": "1:260449377719:android:23d96f0245ebeaae16dc32",
        "android_client_info": {
          "package_name": "com.mycompany.constructionmanagementsystem"
        }
      },
      "oauth_client": [],
      "api_key": [
        {
          "current_key": "AIzaSyCmVuYv9ToCBN6L3vJSoUmLCSlMQj6_-Ww"
        }
      ],
      "services": {
        "appinvite_service": {
          "other_platform_oauth_client": []
        }
      }
    }
  ],
  "configuration_version": "1"
}