{
  "indexes": [
    {
      "collectionGroup": "plans",
      "queryScope": "COLLECTION",
      "fields": [
        {
          "fieldPath": "project_ref",
          "order": "ASCENDING"
        },
        {
          "fieldPath": "due_date",
          "order": "ASCENDING"
        }
      ]
    },
    {
      "collectionGroup": "tasks",
      "queryScope": "COLLECTION",
      "fields": [
        {
          "fieldPath": "completed_flag",
          "order": "ASCENDING"
        },
        {
          "fieldPath": "project_ref",
          "order": "ASCENDING"
        },
        {
          "fieldPath": "due_date",
          "order": "ASCENDING"
        }
      ]
    },
    {
      "collectionGroup": "tasks",
      "queryScope": "COLLECTION",
      "fields": [
        {
          "fieldPath": "completed_flag",
          "order": "ASCENDING"
        },
        {
          "fieldPath": "project_ref",
          "order": "ASCENDING"
        },
        {
          "fieldPath": "completed_date",
          "order": "DESCENDING"
        }
      ]
    },
    {
      "collectionGroup": "users",
      "queryScope": "COLLECTION",
      "fields": [
        {
          "fieldPath": "display_name",
          "order": "ASCENDING"
        },
        {
          "fieldPath": "projects",
          "arrayConfig": "CONTAINS"
        }
      ]
    }
  ]
}